                                                  EXPERIMENT 1.8
                                            ******************************
                                            
1. List the product name and quantity of invoice items.
--------------------------------------------------------

mysql> select * from Product;
+------+------------+-------+
| p_id | pname      | price |
+------+------------+-------+
|    1 | Pen        |    31 |
|    2 | Bag        |   969 |
|    3 | Umberalla  |   398 |
|    4 | Bottle     |   153 |
|    5 | Chappal    |   326 |
|    6 | Tiffin box |   122 |
|    7 | Pencil box |   102 |
+------+------------+-------+
7 rows in set (0.00 sec)


mysql> select Product.pname,INVOICE1_ITEM.quantity from Product inner join INVOICE1_ITEM on Product.p_id=INVOICE1_ITEM.p_id;
+------------+----------+
| pname      | quantity |
+------------+----------+
| Pen        |        2 |
| Bottle     |        2 |
| Tiffin box |        3 |
| Pen        |        5 |
| Pencil box |        2 |
| Bag        |        3 |
| Bottle     |        3 |
| Bag        |        1 |
| Bottle     |        3 |
| Bag        |        1 |
| Chappal    |        2 |
+------------+----------+
11 rows in set (0.01 sec)
---------------------------------------------------------------------------------------------------------------------------------------------------------

2. Display invoice details of the transaction dated ’31-01-2022’.
----------------------------------------------------------------


mysql> SELECT customer.cus_name,Product.pname,Product.price,INVOICE1_MASTER.inv_id,INVOICE1_MASTER.inv_date,INVOICE1_ITEM.quantity FROM customer INNER JOIN INVOICE1_MASTER  ON customer.cus_id=INVOICE1_MASTER.cus_id INNER JOIN INVOICE1_ITEM ON INVOICE1_MASTER.inv_id=INVOICE1_ITEM.inv_id INNER JOIN Product ON Product.p_id=INVOICE1_ITEM.p_id WHERE inv_date='2022-11-29';
+----------+--------+-------+--------+------------+----------+
| cus_name | pname  | price | inv_id | inv_date   | quantity |
+----------+--------+-------+--------+------------+----------+
| Amritha  | Bag    |   969 |    106 | 2022-11-29 |        3 |
| Amritha  | Bottle |   153 |    106 | 2022-11-29 |        3 |
+----------+--------+-------+--------+------------+----------+
2 rows in set (0.00 sec)
----------------------------------------------------------------------------------------------------------------------------------------------------------------------------------------------------------------------------------------------------------------------
3.Display the customer name, product name, invoice date of purchased item ‘pen’.
----------------------------------------------------------------------------------
mysql>  SELECT customer.cus_name,Product.pname,INVOICE1_MASTER.inv_date FROM customer INNER JOIN INVOICE1_MASTER  ON customer.cus_id=INVOICE1_MASTER.cus_id INNER JOIN INVOICE1_ITEM ON INVOICE1_MASTER.inv_id=INVOICE1_ITEM.inv_id INNER JOIN Product ON Product.p_id=INVOICE1_ITEM.p_id WHERE pname='Pen';
+----------+-------+------------+
| cus_name | pname | inv_date   |
+----------+-------+------------+
| Anjana   | Pen   | 2023-01-01 |
| Neenu    | Pen   | 2022-12-31 |
+----------+-------+------------+
2 rows in set (0.00 sec)
---------------------------------------------------------------------------------------------------------------------------------------------------------------
4.Display all customer details and invoice details must include customer has not purchased items.
----------------------------------------------------------------------------------------------------


mysql> select customer.cus_name,Product.pname,INVOICE1_MASTER.inv_id,INVOICE1_MASTER.inv_date from customer left join INVOICE1_MASTER on customer.cus_id=INVOICE1_MASTER.cus_id left join INVOICE1_ITEM on INVOICE1_MASTER.inv_id=INVOICE1_ITEM.inv_id left join Product on Product.p_id=INVOICE1_ITEM.p_id;
+----------+------------+--------+------------+
| cus_name | pname      | inv_id | inv_date   |
+----------+------------+--------+------------+
| Anjana   | Pen        |      1 | 2023-01-01 |
| Nileena  | Bottle     |    102 | 2023-03-08 |
| salha    | Tiffin box |    103 | 2022-12-05 |
| Neenu    | Pen        |    104 | 2022-12-31 |
| Neenu    | Pencil box |    104 | 2022-12-31 |
| Amritha  | Bag        |    106 | 2022-11-29 |
| Amritha  | Bottle     |    106 | 2022-11-29 |
| Neenu    | Bag        |    104 | 2022-12-31 |
| Neenu    | Bottle     |    104 | 2022-12-31 |
| salha    | Bag        |    103 | 2022-12-05 |
| salha    | Chappal    |    103 | 2022-12-05 |
| Sreya    | NULL       |   NULL | NULL       |
| salha    | NULL       |    108 | 2022-10-12 |
| Neenu    | NULL       |    107 | 2022-11-12 |
| femi     | NULL       |   NULL | NULL       |
| remya    | NULL       |   NULL | NULL       |
| maya     | NULL       |   NULL | NULL       |
| vini     | NULL       |   NULL | NULL       |
+----------+------------+--------+------------+
18 rows in set (0.00 sec)

