                                            EXPERIMENT 1.5 ACCESSING DATABASE: (SUBQUERY)
                                         ****************************************************


mysql> SELECT * FROM customer;
+--------+----------+--------------------+--------------+------------+
| cus_id | cus_name | cus_address        | cus_city     | cus_phno   |
+--------+----------+--------------------+--------------+------------+
|      1 | Anjana   | Pazhikadavath      | wayanad      | 7034126856 |
|      2 | Sreya    | Vadassery          | Thrissur     | 7034657885 |
|      3 | Nileena  | kayallath house    | Kannur       | 8247565412 |
|      4 | salha    | Vellipurath        | Kunnamagalam | 9747565427 |
|      5 | Neenu    | Thekkyapulliyil    | Pallissery   | 9747565727 |
|      6 | Amritha  | Kezhakyeatheruvath | Calicut      | 2847565727 |
|      7 | femi     | pullikal           | chavakkad    | NULL       |
|      8 | remya    | madathil           | ponnani      | NULL       |
+--------+----------+--------------------+--------------+------------+
8 rows in set (0.00 sec)

mysql> select * from INVOICE1_MASTER;
+--------+--------+------------+
| inv_id | cus_id | inv_date   |
+--------+--------+------------+
|      1 |      1 | 2023-01-01 |
|    102 |      3 | 2023-03-08 |
|    103 |      4 | 2022-12-05 |
|    104 |      5 | 2022-12-31 |
|    106 |      6 | 2022-11-29 |
|    107 |      5 | 2022-11-12 |
|    108 |      4 | 2022-10-12 |
+--------+--------+------------+
7 rows in set (0.00 sec)

mysql> select * from Product;
+------+------------+-------+
| p_id | pname      | price |
+------+------------+-------+
|    1 | Pen        |    31 |
|    2 | Bag        |   969 |
|    3 | Umberalla  |   398 |
|    4 | Bottle     |   153 |
|    5 | Chappal    |   326 |
|    6 | Tiffin box |   122 |
|    7 | Pencil box |   102 |
+------+------------+-------+
7 rows in set (0.00 sec)

mysql> select * from INVOICE1_ITEM;
+--------+------+----------+
| inv_id | p_id | quantity |
+--------+------+----------+
|      1 |    1 |        2 |
|    102 |    4 |        2 |
|    103 |    6 |        3 |
|    104 |    1 |        5 |
|    104 |    7 |        2 |
|    106 |    2 |        3 |
|    106 |    4 |        3 |
+--------+------+----------+
7 rows in set (0.00 sec)


1.List the customer names of invoice date 8TH March 2023
-----------------------------------------------------------

mysql> select cus_name from customer where cus_id in(select cus_id from INVOICE1_MASTER where inv_date='2023-03-08');
+----------+
| cus_name |
+----------+
| Nileena  |
+----------+
1 row in set (0.00 sec)
---------------------------------------------------------------------------------------------------------------------------------------------------------

2.List the product name and price of each invoice item.
********************************************************
mysql> select pname,price from Product where p_id in(select p_id from INVOICE1_ITEM);
+------------+-------+
| pname      | price |
+------------+-------+
| Pen        |    31 |
| Bag        |   969 |
| Bottle     |   153 |
| Tiffin box |   122 |
| Pencil box |   102 |
+------------+-------+
5 rows in set (0.00 sec)
----------------------------------------------------------------------------------------------------------------------------------------------------------

3.List the product names, only include their purchased quantity more than 3
----------------------------------------------------------------------------

mysql> select pname from Product where p_id in(select p_id from INVOICE1_ITEM where quantity>2);
+------------+
| pname      |
+------------+
| Tiffin box |
| Pen        |
| Bag        |
| Bottle     |
+------------+
4 rows in set (0.00 sec)
---------------------------------------------------------------------------------------------------------------------------------------------------------

4. Find the product that has no sale.
**************************************
mysql> select * from Product where p_id not in(select p_id from INVOICE1_ITEM);
+------+-----------+-------+
| p_id | pname     | price |
+------+-----------+-------+
|    3 | Umberalla |   398 |
|    5 | Chappal   |   326 |
+------+-----------+-------+
2 rows in set (0.00 sec)
---------------------------------------------------------------------------------------------------------------------------------------------------------

5.List the customer names who purchased the items ‘pen’ and ‘pencil’.
---------------------------------------------------------------------
mysql> select cus_name from customer where cus_id in(select cus_id from INVOICE1_MASTER where inv_id in(select inv_id from INVOICE1_ITEM where p_id in(select p_id from Product where pname="pen" or pname="pencil")));
+----------+
| cus_name |
+----------+
| Anjana   |
| Neenu    |
+----------+
2 rows in set (0.00 sec)
--------------------------------------------------------------------------------------------------------------------------------------------------------------------------------------------------------------------------------------------------------

6.Display the purchased product details of the customer ’Anjana'.
****************************************************************

mysql> select * from Product where p_id in(select p_id from INVOICE1_ITEM where inv_id in(select inv_id from INVOICE1_MASTER where cus_id in(select cus_id from customer where cus_name="Anjana")));
+------+-------+-------+
| p_id | pname | price |
+------+-------+-------+
|    1 | Pen   |    31 |
+------+-------+-------+
1 row in set (0.00 sec)
--------------------------------------------------------------------------------------------------------------------------------------------------------------------------------------------------------------------

7.List the names of all customers who have purchased at least 2 products, make sure that no duplicate names in the result.
--------------------------------------------------------------------------------------------------------------------------

