                                 ACCESSING DATABASE:  (SELECT, Filtering using WHERE, HAVING,  ORDER BY Clauses)
                              ***************************************************************************************

1.List all customer details. 
----------------------------

mysql> SELECT * FROM customer;
+--------+----------+--------------------+--------------+------------+
| cus_id | cus_name | cus_address        | cus_city     | cus_phno   |
+--------+----------+--------------------+--------------+------------+
|      1 | Anjana   | Pazhikadavath      | wayanad      | 7034126856 |
|      2 | Sreya    | Vadassery          | Thrissur     | 7034657885 |
|      3 | Nileena  | kayallath house    | Kannur       | 8247565412 |
|      4 | salha    | Vellipurath        | Kunnamagalam | 9747565427 |
|      5 | Neenu    | Thekkyapulliyil    | Pallissery   | 9747565727 |
|      6 | Amritha  | Kezhakyeatheruvath | Calicut      | 2847565727 |
+--------+----------+--------------------+--------------+------------+
6 rows in set (0.00 sec)

2.List pname, price of all products.
-------------------------------------

mysql> select pname,price from Product;
+------------+-------+
| pname      | price |
+------------+-------+
| Pen        |    31 |
| Bag        |   969 |
| Umberalla  |   398 |
| Bottle     |   153 |
| Chappal    |   326 |
| Tiffin box |   122 |
| Pencil box |   102 |
+------------+-------+
7 rows in set (0.00 sec)

3.List all invoice items, avoid duplicates.
-------------------------------------------
