                                        EXPERIMENT NO:1.2 DML COMMANDS 
                                   ****************************************
   a) DML COMMANDS-INSERT
 ****************************
 
 1.Insert values in EMPLOYEE table
 
 
mysql> insert into EMPLOYEE values(001,"Tom","Trivandrum",2000,123458933);
Query OK, 1 row affected (0.07 sec)
mysql> insert into EMPLOYEE values(002,"Tintu","Kochi",2001,427386197); 
Query OK, 1 row affected (0.03 sec)
mysql> insert into EMPLOYEE values(003,"Manu","kannur",1999,451714619); 
Query OK, 1 row affected (0.03 sec)
mysql> insert into EMPLOYEE values(004,"Rani","kozhikode",1998,147146197);
Query OK, 1 row affected (0.05 sec)
mysql> insert into EMPLOYEE values(005,"Yadhu","kollam",2002,425678932); 
Query OK, 1 row affected (0.03 sec)

mysql> select * from EMPLOYEE;  
+------+----------+------------+---------+-----------+
| ssn  | emp_name | city       | emp_dob | emp_adhno |
+------+----------+------------+---------+-----------+
|    1 | Tom      | Trivandrum |    2000 | 123458933 |
|    4 | Rani     | kozhikode  |    1998 | 147146197 |
|    5 | Yadhu    | kollam     |    2002 | 425678932 |
|    2 | Tintu    | Kochi      |    2001 | 427386197 |
|    3 | Manu     | kannur     |    1999 | 451714619 |
+------+----------+------------+---------+-----------+
5 rows in set (0.00 sec)


2.Insert values in STUDENT table.
mysql> desc customer;
+-------------+-------------+------+-----+---------+-------+
| Field       | Type        | Null | Key | Default | Extra |
+-------------+-------------+------+-----+---------+-------+
| cus_id      | int(11)     | NO   | PRI | NULL    |       |
| cus_address | varchar(20) | YES  |     | NULL    |       |
| cus_city    | varchar(20) | YES  |     | NULL    |       |
| cus_phno    | varchar(20) | YES  |     | NULL    |       |
+-------------+-------------+------+-----+---------+-------+
4 rows in set (0.00 sec)
mysql> insert into STUDENT values(1,"Aswin","male","Mellaparambil",22);
Query OK, 1 row affected (0.03 sec)
insert into STUDENT values(2,"Manas","male","Thamarassery",21);
Query OK, 1 row affected (0.02 sec)
mysql> insert into STUDENT values (3,"Kuttu","female","Wayanad",22);
Query OK, 1 row affected (0.04 sec)
 insert into STUDENT values(4,"Sreya","female","Thrissur",21);
Query OK, 1 row affected (0.04 sec)
mysql> insert into STUDENT values(5,"Vishnu","male","Thazhikode",22);
Query OK, 1 row affected (0.04 sec)
mysql> insert into STUDENT values(6,"Minhaj","male","Arikode",24);
Query OK, 1 row affected (0.04 sec)
mysql> select * from STUDENT;
+---------+--------+--------+---------------+-----+
| roll_no | name   | gender | address       | AGE |
+---------+--------+--------+---------------+-----+
|       1 | Aswin  | male   | Mellaparambil |  22 |
|       2 | Manas  | male   | Thamarassery  |  21 |
|       3 | Kuttu  | female | Wayanad       |  22 |
|       4 | Sreya  | female | Thrissur      |  21 |
|       5 | Vishnu | male   | Thazhikode    |  22 |
|       6 | Minhaj | male   | Arikode       |  24 |
+---------+--------+--------+---------------+-----+
6 rows in set (0.00 sec)


3.Insert values in INVOICE database. 

customer
--------
mysql> desc customer;
+-------------+-------------+------+-----+---------+-------+
| Field       | Type        | Null | Key | Default | Extra |
+-------------+-------------+------+-----+---------+-------+
| cus_id      | int(11)     | NO   | PRI | NULL    |       |
| cus_name    | varchar(20) | YES  |     | NULL    |       |
| cus_address | varchar(20) | YES  |     | NULL    |       |
| cus_city    | varchar(20) | YES  |     | NULL    |       |
| cus_phno    | varchar(20) | YES  |     | NULL    |       |
+-------------+-------------+------+-----+---------+-------+
5 rows in set (0.01 sec)

mysql> insert into customer values(001,"Anjana","Pazhikadavath","wayanad",7034126856);
Query OK, 1 row affected (0.06 sec)
mysql> insert into customer values(002,"Sreya","Vadassery","Thrissur","7034657885");
Query OK, 1 row affected (0.04 sec)
mysql> insert into customer values(003,"Nileena","Lakshimi bhavan","Irutty",9747565424);
Query OK, 1 row affected (0.04 sec)
mysql> insert into customer values(004,"salha","Vellipurath","Kunnamagalam",9747565427);
Query OK, 1 row affected (0.03 sec)
mysql> insert into customer values(005,"Neenu","Thekkyapulliyil","Pallissery",9747565727);
Query OK, 1 row affected (0.05 sec)
insert into customer values(006,"Amritha","Kezhakyeatheruvath","Kozhikode",2847565727);
Query OK, 1 row affected (0.05 sec)
mysql> insert into customer values(007,"Anjali","Manayil","Kunnamkulam",7047565727);
Query OK, 1 row affected (0.03 sec)
-------------------------------------------
mysql>  delete from customer where cus_id=7;
Query OK, 0 rows affected (0.00 sec)
mysql> insert into customer (cus_id,cus_name,cus_address,cus_city) values(107,"Anjali","Manayil","Kunnamkulam");
Query OK, 1 row affected (0.04 sec)

mysql> select * from customer;
+--------+----------+--------------------+--------------+------------+
| cus_id | cus_name | cus_address        | cus_city     | cus_phno   |
+--------+----------+--------------------+--------------+------------+
|      1 | Anjana   | Pazhikadavath      | wayanad      | 7034126856 |
|      2 | Sreya    | Vadassery          | Thrissur     | 7034657885 |
|      3 | Nileena  | Lakshimi bhavan    | Irutty       | 9747565424 |
|      4 | salha    | Vellipurath        | Kunnamagalam | 9747565427 |
|      5 | Neenu    | Thekkyapulliyil    | Pallissery   | 9747565727 |
|      6 | Amritha  | Kezhakyeatheruvath | Kozhikode    | 2847565727 |
|      7 | Anjali   | Manayil            | Kunnamkulam  | NULL       |
+--------+----------+--------------------+--------------+------------+
7 rows in set (0.00 sec)


Product
--------

mysql> desc Product;
+-------+-------------+------+-----+---------+-------+
| Field | Type        | Null | Key | Default | Extra |
+-------+-------------+------+-----+---------+-------+
| p_id  | int(11)     | NO   | PRI | NULL    |       |
| pname | varchar(20) | YES  |     | NULL    |       |
| price | int(11)     | YES  |     | NULL    |       |
+-------+-------------+------+-----+---------+-------+
3 rows in set (0.00 sec)

mysql> insert into Product values(001,"Pen",30);
Query OK, 1 row affected (0.03 sec)

mysql> insert into Product values(002,"Bag",950);
Query OK, 1 row affected (0.05 sec)

mysql> insert into Product values(003,"Umberalla",450);
Query OK, 1 row affected (0.04 sec)

mysql> insert into Product values(004,"Bottle",150);
Query OK, 1 row affected (0.02 sec)

mysql> insert into Product values(005,"Chappal",320);
Query OK, 1 row affected (0.04 sec)

mysql> insert into Product values(006,"Tiffin box",120);
Query OK, 1 row affected (0.03 sec)

mysql> insert into Product values(007,"Pencil box",100);
Query OK, 1 row affected (0.04 sec)

mysql> select * from Product;
+------+------------+-------+
| p_id | pname      | price |
+------+------------+-------+
|    1 | Pen        |    30 |
|    2 | Bag        |   950 |
|    3 | Umberalla  |   450 |
|    4 | Bottle     |   150 |
|    5 | Chappal    |   320 |
|    6 | Tiffin box |   120 |
|    7 | Pencil box |   100 |
+------+------------+-------+
7 rows in set (0.00 sec)

INVOICE1_MASTER
---------------
mysql> desc INVOICE1_MASTER;
+----------+---------+------+-----+---------+-------+
| Field    | Type    | Null | Key | Default | Extra |
+----------+---------+------+-----+---------+-------+
| inv_id   | int(11) | NO   | PRI | NULL    |       |
| cus_id   | int(11) | YES  | MUL | NULL    |       |
| inv_date | date    | YES  |     | NULL    |       |
+----------+---------+------+-----+---------+-------+
3 rows in set (0.00 sec)

mysql> insert into INVOICE1_MASTER values(001,001,'2023-01-1');
Query OK, 1 row affected (0.05 sec)
mysql> insert into INVOICE1_MASTER values(101,002,'2023-02-5');
Query OK, 1 row affected (0.06 sec)
mysql> insert into INVOICE1_MASTER values(102,003,'2023-03-8');
Query OK, 1 row affected (0.03 sec)
mysql> insert into INVOICE1_MASTER values(103,004,'2022-12-5');
Query OK, 1 row affected (0.02 sec)
mysql> insert into INVOICE1_MASTER values(104,005,'2022-12-31');
Query OK, 1 row affected (0.05 sec)
mysql> insert into INVOICE1_MASTER values(106,006,'2022-11-29');
Query OK, 1 row affected (0.04 sec)
mysql> insert into INVOICE1_MASTER values(107,005,'2022-11-12');
Query OK, 1 row affected (0.07 sec)
mysql> insert into INVOICE1_MASTER values(108,004,'2022-10-12');
Query OK, 1 row affected (0.04 sec)
mysql> select * from INVOICE1_MASTER;
+--------+--------+------------+
| inv_id | cus_id | inv_date   |
+--------+--------+------------+
|      1 |      1 | 2023-01-01 |
|    101 |      2 | 2023-02-05 |
|    102 |      3 | 2023-03-08 |
|    103 |      4 | 2022-12-05 |
|    104 |      5 | 2022-12-31 |
|    106 |      6 | 2022-11-29 |
|    107 |      5 | 2022-11-12 |
|    108 |      4 | 2022-10-12 |
+--------+--------+------------+
8 rows in set (0.00 sec)

INVOICE1_ITEM
-------------
mysql> DESC INVOICE1_ITEM;
+----------+---------+------+-----+---------+-------+
| Field    | Type    | Null | Key | Default | Extra |
+----------+---------+------+-----+---------+-------+
| inv_id   | int(11) | YES  | MUL | NULL    |       |
| p_id     | int(11) | YES  | MUL | NULL    |       |
| quantity | int(11) | YES  |     | NULL    |       |
+----------+---------+------+-----+---------+-------+
3 rows in set (0.00 sec)
mysql> insert into INVOICE1_ITEM VALUES(001,001,2);
Query OK, 1 row affected (0.04 sec)
mysql> insert into INVOICE1_ITEM VALUES(101,002,1);
Query OK, 1 row affected (0.04 sec)
mysql> insert into INVOICE1_ITEM VALUES(102,005,1);
Query OK, 1 row affected (0.04 sec)
mysql> insert into INVOICE1_ITEM VALUES(102,004,2);
Query OK, 1 row affected (0.04 sec)
mysql> insert into INVOICE1_ITEM VALUES(103,006,1);
Query OK, 1 row affected (0.04 sec)
mysql> insert into INVOICE1_ITEM VALUES(104,001,5);
Query OK, 1 row affected (0.05 sec)
mysql> insert into INVOICE1_ITEM VALUES(104,007,2);
Query OK, 1 row affected (0.05 sec)
mysql> insert into INVOICE1_ITEM VALUES(106,002,1);
Query OK, 1 row affected (0.03 sec)
mysql> insert into INVOICE1_ITEM VALUES(106,004,1);
Query OK, 1 row affected (0.05 sec)
mysql> insert into INVOICE1_ITEM VALUES(106,003,1);
Query OK, 1 row affected (0.04 sec)
mysql> insert into INVOICE1_ITEM VALUES(107,006,1);
Query OK, 1 row affected (0.03 sec)

mysql> SELECT * FROM INVOICE1_ITEM;
+--------+------+----------+
| inv_id | p_id | quantity |
+--------+------+----------+
|      1 |    1 |        2 |
|    101 |    2 |        1 |
|    102 |    5 |        1 |
|    102 |    4 |        2 |
|    103 |    6 |        1 |
|    104 |    1 |        5 |
|    104 |    7 |        2 |
|    106 |    2 |        1 |
|    106 |    4 |        1 |
|    106 |    3 |        1 |
|    107 |    6 |        1 |
+--------+------+----------+
11 rows in set (0.00 sec)

---------------------------------------------------------------------------------------------------------------------------------------------------------
   b)DML COMMANDS- UPDATE
 ***************************
 
1. Update the price of a particular product. 
mysql> SELECT * FROM Product;
+------+------------+-------+
| p_id | pname      | price |
+------+------------+-------+
|    1 | Pen        |    30 |
|    2 | Bag        |   950 |
|    3 | Umberalla  |   450 |
|    4 | Bottle     |   150 |
|    5 | Chappal    |   320 |
|    6 | Tiffin box |   120 |
|    7 | Pencil box |   100 |
+------+------------+-------+
7 rows in set (0.00 sec)

mysql>  UPDATE Product set price=390 WHERE p_id=3;
Query OK, 1 row affected (0.06 sec)
Rows matched: 1  Changed: 1  Warnings: 0

mysql> SELECT * FROM Product;
+------+------------+-------+
| p_id | pname      | price |
+------+------------+-------+
|    1 | Pen        |    30 |
|    2 | Bag        |   950 |
|    3 | Umberalla  |   390 |
|    4 | Bottle     |   150 |
|    5 | Chappal    |   320 |
|    6 | Tiffin box |   120 |
|    7 | Pencil box |   100 |
+------+------------+-------+
7 rows in set (0.00 sec)
-----------------------------------------------------------------------------------------------------------------------------------

2.Change the name of city ‘kozhikode’ to ‘calicut’ in the customer table

mysql> select * from customer;
+--------+----------+--------------------+--------------+------------+
| cus_id | cus_name | cus_address        | cus_city     | cus_phno   |
+--------+----------+--------------------+--------------+------------+
|      1 | Anjana   | Pazhikadavath      | wayanad      | 7034126856 |
|      2 | Sreya    | Vadassery          | Thrissur     | 7034657885 |
|      3 | Nileena  | Lakshimi bhavan    | Irutty       | 9747565424 |
|      4 | salha    | Vellipurath        | Kunnamagalam | 9747565427 |
|      5 | Neenu    | Thekkyapulliyil    | Pallissery   | 9747565727 |
|      6 | Amritha  | Kezhakyeatheruvath | Kozhikode    | 2847565727 |
|    107 | Anjali   | Manayil            | Kunnamkulam  | NULL       |
+--------+----------+--------------------+--------------+------------+
7 rows in set (0.00 sec)

mysql> update customer set cus_city="Calicut" where cus_city="Kozhikode";
Query OK, 1 row affected (0.04 sec)
Rows matched: 1  Changed: 1  Warnings: 0
mysql> select * from customer;
+--------+----------+--------------------+--------------+------------+
| cus_id | cus_name | cus_address        | cus_city     | cus_phno   |
+--------+----------+--------------------+--------------+------------+
|      1 | Anjana   | Pazhikadavath      | wayanad      | 7034126856 |
|      2 | Sreya    | Vadassery          | Thrissur     | 7034657885 |
|      3 | Nileena  | Lakshimi bhavan    | Irutty       | 9747565424 |
|      4 | salha    | Vellipurath        | Kunnamagalam | 9747565427 |
|      5 | Neenu    | Thekkyapulliyil    | Pallissery   | 9747565727 |
|      6 | Amritha  | Kezhakyeatheruvath | Calicut      | 2847565727 |
|    107 | Anjali   | Manayil            | Kunnamkulam  | NULL       |
+--------+----------+--------------------+--------------+------------+
7 rows in set (0.00 sec)
--------------------------------------------------------------------------------------------------------------------
 3.Update all prices with 2% of its original price.
 
mysql> update Product set price=price+(price*2/100);
Query OK, 7 rows affected (0.05 sec)
Rows matched: 7  Changed: 7  Warnings: 0
mysql>  select * from Product;
+------+------------+-------+
| p_id | pname      | price |
+------+------------+-------+
|    1 | Pen        |    31 |
|    2 | Bag        |   969 |
|    3 | Umberalla  |   398 |
|    4 | Bottle     |   153 |
|    5 | Chappal    |   326 |
|    6 | Tiffin box |   122 |
|    7 | Pencil box |   102 |
+------+------------+-------+
7 rows in set (0.00 sec)
--------------------------------------------------------------------------------------------------------------------------------------------------------
4.Change the address, city, phone number of a particular customer. 
mysql> select * from customer;
+--------+----------+--------------------+--------------+------------+
| cus_id | cus_name | cus_address        | cus_city     | cus_phno   |
+--------+----------+--------------------+--------------+------------+
|      1 | Anjana   | Pazhikadavath      | wayanad      | 7034126856 |
|      2 | Sreya    | Vadassery          | Thrissur     | 7034657885 |
|      3 | Nileena  | Lakshimi bhavan    | Irutty       | 9747565424 |
|      4 | salha    | Vellipurath        | Kunnamagalam | 9747565427 |
|      5 | Neenu    | Thekkyapulliyil    | Pallissery   | 9747565727 |
|      6 | Amritha  | Kezhakyeatheruvath | Calicut      | 2847565727 |
|    107 | Anjali   | Manayil            | Kunnamkulam  | NULL       |
+--------+----------+--------------------+--------------+------------+
7 rows in set (0.00 sec)

mysql> update customer set cus_address="kayallath house",cus_phno=8247565412,cus_city="Kannur"where cus_id=003;
Query OK, 1 row affected (0.03 sec)
Rows matched: 1  Changed: 1  Warnings: 0

mysql> select * from customer;  
+--------+----------+--------------------+--------------+------------+
| cus_id | cus_name | cus_address        | cus_city     | cus_phno   |
+--------+----------+--------------------+--------------+------------+
|      1 | Anjana   | Pazhikadavath      | wayanad      | 7034126856 |
|      2 | Sreya    | Vadassery          | Thrissur     | 7034657885 |
|      3 | Nileena  | kayallath house    | Kannur       | 8247565412 |
|      4 | salha    | Vellipurath        | Kunnamagalam | 9747565427 |
|      5 | Neenu    | Thekkyapulliyil    | Pallissery   | 9747565727 |
|      6 | Amritha  | Kezhakyeatheruvath | Calicut      | 2847565727 |
|    107 | Anjali   | Manayil            | Kunnamkulam  | NULL       |
+--------+----------+--------------------+--------------+------------+
7 rows in set (0.00 sec)

---------------------------------------------------------------------------------------------------------------------------------------------------------
 5. Change the quantity of a purchased product of inv_id ‘106’
 
mysql> SELECT * FROM  INVOICE1_ITEM;
+--------+------+----------+
| inv_id | p_id | quantity |
+--------+------+----------+
|      1 |    1 |        2 |
|    101 |    2 |        1 |
|    102 |    5 |        1 |
|    102 |    4 |        2 |
|    103 |    6 |        1 |
|    104 |    1 |        5 |
|    104 |    7 |        2 |
|    106 |    2 |        1 |
|    106 |    4 |        1 |
|    106 |    3 |        1 |
|    107 |    6 |        1 |
+--------+------+----------+
mysql> update INVOICE1_ITEM set quantity=3 WHERE inv_id=106;
Query OK, 3 rows affected (0.05 sec)
Rows matched: 3  Changed: 3  Warnings: 0
//////////
update INVOICE1_ITEM set quantity=3 WHERE inv_id=103;
Query OK, 1 row affected (0.02 sec)
Rows matched: 1  Changed: 1  Warnings: 0
mysql> SELECT * FROM  INVOICE1_ITEM;
+--------+------+----------+
| inv_id | p_id | quantity |
+--------+------+----------+
|      1 |    1 |        2 |
|    101 |    2 |        1 |
|    102 |    5 |        1 |
|    102 |    4 |        2 |
|    103 |    6 |        3 |
|    104 |    1 |        5 |
|    104 |    7 |        2 |
|    106 |    2 |        3 |
|    106 |    4 |        3 |
|    106 |    3 |        3 |
|    107 |    6 |        1 |
+--------+------+----------+
11 rows in set (0.00 sec)

---------------------------------------------------------------------------------------------------------------------------------------------------------

  c) DML COMMAND- DELETE
*****************************
1. Delete the record of customer id ‘10001’

mysql> select * from customer;
+--------+----------+--------------------+--------------+------------+
| cus_id | cus_name | cus_address        | cus_city     | cus_phno   |
+--------+----------+--------------------+--------------+------------+
|      1 | Anjana   | Pazhikadavath      | wayanad      | 7034126856 |
|      2 | Sreya    | Vadassery          | Thrissur     | 7034657885 |
|      3 | Nileena  | kayallath house    | Kannur       | 8247565412 |
|      4 | salha    | Vellipurath        | Kunnamagalam | 9747565427 |
|      5 | Neenu    | Thekkyapulliyil    | Pallissery   | 9747565727 |
|      6 | Amritha  | Kezhakyeatheruvath | Calicut      | 2847565727 |
|    107 | Anjali   | Manayil            | Kunnamkulam  | NULL       |
+--------+----------+--------------------+--------------+------------+
7 rows in set (0.00 sec)

mysql> delete from customer where cus_id=107;
Query OK, 1 row affected (0.02 sec)

mysql> select * from customer;
+--------+----------+--------------------+--------------+------------+
| cus_id | cus_name | cus_address        | cus_city     | cus_phno   |
+--------+----------+--------------------+--------------+------------+
|      1 | Anjana   | Pazhikadavath      | wayanad      | 7034126856 |
|      2 | Sreya    | Vadassery          | Thrissur     | 7034657885 |
|      3 | Nileena  | kayallath house    | Kannur       | 8247565412 |
|      4 | salha    | Vellipurath        | Kunnamagalam | 9747565427 |
|      5 | Neenu    | Thekkyapulliyil    | Pallissery   | 9747565727 |
|      6 | Amritha  | Kezhakyeatheruvath | Calicut      | 2847565727 |
+--------+----------+--------------------+--------------+------------+
6 rows in set (0.00 sec)

--------------------------------------------------------------------------------------------------------------------------------------------------------
2. Delete all purchase details of items its quantity less than 2. 
mysql> select * from INVOICE1_ITEM;
+--------+------+----------+
| inv_id | p_id | quantity |
+--------+------+----------+
|      1 |    1 |        2 |
|    101 |    2 |        1 |
|    102 |    5 |        1 |
|    102 |    4 |        2 |
|    103 |    6 |        3 |
|    104 |    1 |        5 |
|    104 |    7 |        2 |
|    106 |    2 |        3 |
|    106 |    4 |        3 |
|    106 |    3 |        3 |
|    107 |    6 |        1 |
+--------+------+----------+
11 rows in set (0.00 sec)

mysql> DELETE FROM INVOICE1_ITEM WHERE quantity<2;
Query OK, 3 rows affected (0.04 sec)

mysql> select * from INVOICE1_ITEM;
+--------+------+----------+
| inv_id | p_id | quantity |
+--------+------+----------+
|      1 |    1 |        2 |
|    102 |    4 |        2 |
|    103 |    6 |        3 |
|    104 |    1 |        5 |
|    104 |    7 |        2 |
|    106 |    2 |        3 |
|    106 |    4 |        3 |
|    106 |    3 |        3 |
+--------+------+----------+
8 rows in set (0.00 sec)
---------------------------------------------------------------------------------------------------------------------------------------------------------

3. Delete the purchase details of product ‘pen’ in the in_id ‘101’. 
mysql> select * from INVOICE1_ITEM;
+--------+------+----------+
| inv_id | p_id | quantity |
+--------+------+----------+
|      1 |    1 |        2 |
|    102 |    4 |        2 |
|    103 |    6 |        3 |
|    104 |    1 |        5 |
|    104 |    7 |        2 |
|    106 |    2 |        3 |
|    106 |    4 |        3 |
|    106 |    3 |        3 |
+--------+------+----------+
8 rows in set (0.00 sec)
mysql> delete from INVOICE1_ITEM where inv_id=106 and p_id=003;
Query OK, 1 row affected (0.02 sec)

mysql> select * from INVOICE1_ITEM;
+--------+------+----------+
| inv_id | p_id | quantity |
+--------+------+----------+
|      1 |    1 |        2 |
|    102 |    4 |        2 |
|    103 |    6 |        3 |
|    104 |    1 |        5 |
|    104 |    7 |        2 |
|    106 |    2 |        3 |
|    106 |    4 |        3 |
+--------+------+----------+
7 rows in set (0.00 sec)
-------------------------------------------------------------------------------------------------------------------------------------------------------- 4. Delete details of employees who does not have phone number. 
mysql> select * from customer;  
+--------+----------+--------------------+--------------+------------+
| cus_id | cus_name | cus_address        | cus_city     | cus_phno   |
+--------+----------+--------------------+--------------+------------+
|      1 | Anjana   | Pazhikadavath      | wayanad      | 7034126856 |
|      2 | Sreya    | Vadassery          | Thrissur     | 7034657885 |
|      3 | Nileena  | kayallath house    | Kannur       | 8247565412 |
|      4 | salha    | Vellipurath        | Kunnamagalam | 9747565427 |
|      5 | Neenu    | Thekkyapulliyil    | Pallissery   | 9747565727 |
|      6 | Amritha  | Kezhakyeatheruvath | Calicut      | 2847565727 |
|    107 | Anjali   | Manayil            | Kunnamkulam  | NULL       |
+--------+----------+--------------------+--------------+------------+
mysql> delete from customer where cus_phno is null;
Query OK, 0 rows affected (0.00 sec)
mysql> select * from customer;
+--------+----------+--------------------+--------------+------------+
| cus_id | cus_name | cus_address        | cus_city     | cus_phno   |
+--------+----------+--------------------+--------------+------------+
|      1 | Anjana   | Pazhikadavath      | wayanad      | 7034126856 |
|      2 | Sreya    | Vadassery          | Thrissur     | 7034657885 |
|      3 | Nileena  | kayallath house    | Kannur       | 8247565412 |
|      4 | salha    | Vellipurath        | Kunnamagalam | 9747565427 |
|      5 | Neenu    | Thekkyapulliyil    | Pallissery   | 9747565727 |
|      6 | Amritha  | Kezhakyeatheruvath | Calicut      | 2847565727 |
+--------+----------+--------------------+--------------+------------+
6 rows in set (0.00 sec)
---------------------------------------------------------------------------------------------------------------------------------------------------------
5. Delete all records from STUDENT table. 
mysql> select * from STUDENT;
+---------+--------+--------+---------------+-----+
| roll_no | name   | gender | address       | AGE |
+---------+--------+--------+---------------+-----+
|       1 | Aswin  | male   | Mellaparambil |  22 |
|       2 | Manas  | male   | Thamarassery  |  21 |
|       3 | Kuttu  | female | Wayanad       |  22 |
|       4 | Sreya  | female | Thrissur      |  21 |
|       5 | Vishnu | male   | Thazhikode    |  22 |
|       6 | Minhaj | male   | Arikode       |  24 |
|       7 | nili   | female | kannur        |  24 |
+---------+--------+--------+---------------+-----+
7 rows in set (0.00 sec)
mysql> DELETE  from STUDENT;
Query OK, 7 rows affected (0.04 sec)
mysql> SELECT * from STUDENT;
Empty set (0.00 sec)
---------------------------------------------------------------------------------------------------------------------------------------------------------
6. Delete Invoice details of a particular customer.
mysql> SELECT * FROM INVOICE1_MASTER;
+--------+--------+------------+
| inv_id | cus_id | inv_date   |
+--------+--------+------------+
|      1 |      1 | 2023-01-01 |
|    101 |      2 | 2023-02-05 |
|    102 |      3 | 2023-03-08 |
|    103 |      4 | 2022-12-05 |
|    104 |      5 | 2022-12-31 |
|    106 |      6 | 2022-11-29 |
|    107 |      5 | 2022-11-12 |
|    108 |      4 | 2022-10-12 |
+--------+--------+------------+
8 rows in set (0.00 sec)
mysql> DELETE FROM INVOICE1_MASTER  WHERE ID=101;
Query OK, 1 row affected (0.00 sec)
mysql> SELECT * FROM INVOICE1_MASTER; //??????????????????????
+--------+--------+------------+
| inv_id | cus_id | inv_date   |
+--------+--------+------------+
|      1 |      1 | 2023-01-01 |
|    102 |      3 | 2023-03-08 |
|    103 |      4 | 2022-12-05 |
|    104 |      5 | 2022-12-31 |
|    106 |      6 | 2022-11-29 |
|    107 |      5 | 2022-11-12 |
|    108 |      4 | 2022-10-12 |
+--------+--------+------------+
7 rows in set (0.00 sec)
---------------------------------------------------------------------------------------------------------------------------------------------------------
//WRITE PROPER QUERY
