                                 ACCESSING DATABASE:  (SELECT, Filtering using WHERE, HAVING,  ORDER BY Clauses)
                              ***************************************************************************************

1.List all customer details. 
----------------------------

mysql> SELECT * FROM customer;
+--------+----------+--------------------+--------------+------------+
| cus_id | cus_name | cus_address        | cus_city     | cus_phno   |
+--------+----------+--------------------+--------------+------------+
|      1 | Anjana   | Pazhikadavath      | wayanad      | 7034126856 |
|      2 | Sreya    | Vadassery          | Thrissur     | 7034657885 |
|      3 | Nileena  | kayallath house    | Kannur       | 8247565412 |
|      4 | salha    | Vellipurath        | Kunnamagalam | 9747565427 |
|      5 | Neenu    | Thekkyapulliyil    | Pallissery   | 9747565727 |
|      6 | Amritha  | Kezhakyeatheruvath | Calicut      | 2847565727 |
+--------+----------+--------------------+--------------+------------+
6 rows in set (0.00 sec)
--------------------------------------------------------------------------------------------------------------------------------------------------------- 

2.List pname, price of all products.
-------------------------------------

mysql> select pname,price from Product;
+------------+-------+
| pname      | price |
+------------+-------+
| Pen        |    31 |
| Bag        |   969 |
| Umberalla  |   398 |
| Bottle     |   153 |
| Chappal    |   326 |
| Tiffin box |   122 |
| Pencil box |   102 |
+------------+-------+
7 rows in set (0.00 sec)
--------------------------------------------------------------------------------------------------------------------------------------------------------- 

3.List all invoice items, avoid duplicates.
-------------------------------------------

mysql> select distinct inv_id from INVOICE1_ITEM;
+--------+
| inv_id |
+--------+
|      1 |
|    102 |
|    103 |
|    104 |
|    106 |
+--------+
5 rows in set (0.02 sec)
---------------------------------------------------------------------------------------------------------------------------------------------------------

4.List product price between 50rs and 300rs
--------------------------------------------
mysql> select * from Product where  price  between 50 AND 300;
+------+------------+-------+
| p_id | pname      | price |
+------+------------+-------+
|    4 | Bottle     |   153 |
|    6 | Tiffin box |   122 |
|    7 | Pencil box |   102 |
+------+------------+-------+
3 rows in set (0.00 sec)
---------------------------------------------------------------------------------------------------------------------------------------------------------

5.List the customer details who lives in ‘wayanad’,’Thrissur’.
------------------------------------------------------------

mysql> select * from customer where cus_city="Wayanad" or cus_city="Thrissur";
+--------+----------+---------------+----------+------------+
| cus_id | cus_name | cus_address   | cus_city | cus_phno   |
+--------+----------+---------------+----------+------------+
|      1 | Anjana   | Pazhikadavath | wayanad  | 7034126856 |
|      2 | Sreya    | Vadassery     | Thrissur | 7034657885 |
+--------+----------+---------------+----------+------------+
---------------------------------------------------------------------------------------------------------------------------------------------------------

6.List the invoice details from 1st January 2023 to 15th February 2023
------------------------------------------------------------------------

mysql> SELECT * FROM INVOICE1_MASTER WHERE inv_date between '2022-11-12' and '2023-01-01'
+--------+--------+------------+
| inv_id | cus_id | inv_date   |
+--------+--------+------------+
|      1 |      1 | 2023-01-01 |
|    103 |      4 | 2022-12-05 |
|    104 |      5 | 2022-12-31 |
|    106 |      6 | 2022-11-29 |
|    107 |      5 | 2022-11-12 |
+--------+--------+------------+
5 rows in set (0.01 sec)
---------------------------------------------------------------------------------------------------------------------------------------------------------




